{"cameraMode":{"drawMode":0,"name":"Shaded","section":"Shading Mode"},"sceneLighting":false,"audioPlay":false,"sceneViewState":{"m_AlwaysRefresh":false,"showFog":true,"showSkybox":false,"showFlares":true,"showImageEffects":true,"showParticleSystems":true,"showVisualEffectGraphs":true,"m_FxEnabled":true},"in2DMode":false,"pivot":{"x":1021.7977294921875,"y":537.9446411132813,"z":-414.5445861816406},"rotation":{"x":-0.03629892319440842,"y":0.012587999925017357,"z":-0.0004572009202092886,"w":-0.9992659091949463},"size":1087.7132568359375,"orthographic":false}